,AAPL,MSFT,TSLA
AAPL,1.0,0.059291847143419056,-0.02736896333973278
MSFT,0.059291847143419056,1.0,-0.026952639564205242
TSLA,-0.02736896333973278,-0.026952639564205242,1.0
